Name,Age,,,
seabed,0.00,,,
207-U10,2.44,,,
LHRS_U08,4.80,,,
seabed,0.00,,,
U1510-U07,3.61,,,
seabed,0.00,,,
LHRS_U08,4.80,, ,
LHRS_U07,7.00,,, 
U1510-U06,8.23,,,
U1510-U5C,13.97,,,
U1510-U5B,17.81,,Modified by Rupert from 5A,
U1510-U3B,36.28,,,
U1510-U2B,42.71,,U1510-U2C,41.67
U1510-U2A,46.02,,,
LHRS_U07,7.00, ,,
207-U5E,9.34,,,
207-U5D,12.74,,,
207-U2E,40.63,,,
207-U2D,41.60,,,
207-U2B,47.03,,,
207-U2A,48.34,,,
LHRS_U07,7.00,,,
592-U6C,11.65,, ,
592-U6B,12.90,,,
592-U6A,18.04,,,
592-U04 ,32.53,,,
592-U3B,34.26,,,
